ID,PredefinedType,Start Point X,Start Point Y,Start Direction,Start Radius Of Curvature,End Radius Of Curvature,Segment Length
1,LINE,452413.9199,4539456.4010,0.214271681,0,0,234.719412
2,CLOTHOID,452634.4150,4539536.8690,0.214271681,0,-1000,40.000000
3,CIRCULARARC,452671.8980,4539550.8320,0.236493911,-1000,-1000,193.464471
4,CLOTHOID,452844.4075,4539637.7370,0.451454422,-1000,0,40.000000
5,LINE,452877.9371,4539659.5480,0.473676652,0,0,38.981516
6,CLOTHOID,452910.4711,4539681.0210,0.473676652,0,1000,40.000000
7,CIRCULARARC,452944.0007,4539702.8310,0.451454422,1000,1000,109.431750
8,CLOTHOID,453039.5298,4539756.1000,0.329863598,1000,0,40.000000
9,LINE,453075.7086,4539773.1600,0.307641368,0,0,139.771059